<Configuration ID="2b644fd9-4641-4127-8bf5-0aa08e53a2f2">
  <Info Description="" />
  <Add OfficeClientEdition="64" Channel="PerpetualVL2021">
    <Product ID="ProPlus2021Volume" PIDKEY="FXYTK-NJJ8C-GB6DW-3DYQT-6F7TH">
      <Language ID="es-es" />
      <Language ID="MatchOS" />
      <ExcludeApp ID="Lync" />
    </Product>
    <Product ID="VisioPro2021Volume" PIDKEY="KNH8D-FGHT4-T8RK3-CTDYJ-K2HT4">
      <Language ID="es-es" />
      <Language ID="MatchOS" />
      <ExcludeApp ID="Lync" />
    </Product>
    <Product ID="ProjectPro2021Volume" PIDKEY="FTNWT-C6WBT-8HMGF-K9PRX-QV9H8">
      <Language ID="es-es" />
      <Language ID="MatchOS" />
      <ExcludeApp ID="Lync" />
    </Product>
    <Product ID="LanguagePack">
      <Language ID="es-es" />
      <Language ID="MatchOS" />
    </Product>
  </Add>
  <Property Name="SharedComputerLicensing" Value="0" />
  <Property Name="FORCEAPPSHUTDOWN" Value="FALSE" />
  <Property Name="DeviceBasedLicensing" Value="0" />
  <Property Name="SCLCacheOverride" Value="0" />
  <Property Name="AUTOACTIVATE" Value="1" />
  <Updates Enabled="TRUE" />
  <RemoveMSI />
  <AppSettings>
    <Setup Name="Company" Value="Maipu Municipio" />
    <User Key="software\microsoft\office\16.0\excel\options" Name="defaultformat" Value="51" Type="REG_DWORD" App="excel16" Id="L_SaveExcelfilesas" />
    <User Key="software\microsoft\office\16.0\powerpoint\options" Name="defaultformat" Value="27" Type="REG_DWORD" App="ppt16" Id="L_SavePowerPointfilesas" />
    <User Key="software\microsoft\office\16.0\word\options" Name="defaultformat" Value="" Type="REG_SZ" App="word16" Id="L_SaveWordfilesas" />
  </AppSettings>
</Configuration>